{
  "brightness": {
    "value": 80,
    "timestamp": 1767981464.4335997
  },
  "icons_scrambled": {
    "value": true,
    "timestamp": 1767981464.5670164
  }
}