{
  "windows_corrupted": {
    "value": true,
    "timestamp": 1768034133.3853526
  },
  "progress": {
    "value": 50,
    "timestamp": 1768034256.1671622
  }
}