{
  "windows_corrupted": {
    "value": true,
    "timestamp": 1768032607.696415
  },
  "progress": {
    "value": 50,
    "timestamp": 1768032545.1357388
  }
}